region_idx,mae_train,rmse_train,r2_train,r_train,mae_valid,rmse_valid,r2_valid,r_valid,mae_test,rmse_test,r2_test,r_test
0,6.142825432844385,8.178837159593458,0.8975342702201172,0.9479756740505155,5.920872031482741,7.9435742715302,0.9087295425970101,0.9536219487912417,6.747209719646766,8.663482384715975,0.8854946194000775,0.941568847538985
1,7.551927550580589,9.971830584787648,0.8476840801547865,0.9219133125566596,7.583480968549558,9.558142186053923,0.8678566600421862,0.9336677990814257,7.392070725734132,9.619886931965905,0.85881751026462,0.9280018537812973
2,6.3910434110507515,8.150768098093485,0.8982363704142343,0.9483455353344763,6.734228290008664,8.437541468739274,0.8970253921783067,0.949243376147606,6.416576430027587,8.38377654922115,0.8927690161855183,0.9459217603970511
3,3.55237106654955,4.912600663814539,0.9630326397542593,0.981513440773579,3.3048650541194218,4.3171944224325856,0.9730411401724057,0.9866967126331629,3.2205152103409227,4.691172839064979,0.9664259471636045,0.983140248655383
4,16.711370487276927,19.720433244468982,0.40429887773935036,0.6511761749900892,18.182572776705374,20.733262032929407,0.37822453792074273,0.6412224658745657,16.9044068332776,19.73069153520927,0.40608332998178154,0.6422139086348446
5,8.336695594532435,10.618142850049633,0.8272998788960353,0.9171006310027267,8.026868545591599,10.084677094047425,0.8528967391780653,0.9349907791894468,8.484959227565662,10.40618256555593,0.8347947734012988,0.9219768252202637
6,9.141583742505333,11.658880994320004,0.7917863232405882,0.8970454981559426,8.702037009747576,10.991970592927492,0.825237027993644,0.9186905081166749,9.261477236617864,11.955086042009084,0.7819549090263256,0.8888535734947309
7,6.281314227892005,7.865047383418874,0.9052458584525978,0.9522458841616899,6.517182108957016,7.983291783881519,0.9078145645526503,0.9557176104233398,6.020450977963696,7.538241410843051,0.9133076083522635,0.9565685654445548
8,13.072007954319982,16.25272727895964,0.5953793807118122,0.7727882057504807,14.271037610124521,17.338444927135427,0.5651709079720442,0.7526782234527035,13.498554623080599,16.997295672146585,0.5592416389129673,0.7505656423169708
9,11.06169167649387,14.040773266886992,0.6980204266294475,0.8377761509736127,11.394650143871976,14.246961411775452,0.7064089568580925,0.8430453001627982,11.582004027607839,14.941452530022232,0.6594141976697255,0.8126141808354226
10,12.527267564499258,15.48341035860927,0.6327779398130924,0.7990533131079418,13.346975230057415,16.048397538453578,0.62746965583962,0.8003330284856769,13.249614893694332,16.53663565155604,0.5828087253400356,0.7649220748088178
11,7.770868760686255,9.872185281899073,0.8507129590685116,0.923536473736569,8.727739534489375,10.840293558322031,0.8300268228424024,0.9113209268667455,8.879667437957883,11.61517579660064,0.7941776768820014,0.8912173157687483
12,8.6189313971478,10.774933749252368,0.8221619319962198,0.9073965553750191,8.875069948485853,10.831955369763824,0.8302882038322678,0.913344539702821,8.960047213483877,11.101245697935688,0.8119885361739856,0.9012081491017068
13,3.58766967875503,5.0021466079458765,0.9616726893112821,0.9808726494548802,3.2928354582434034,4.2348358579031755,0.9740599105399831,0.9877804596517106,3.3720191332152845,5.220058330160763,0.9584288907409835,0.9790933228711444
14,12.435376132212355,15.40721186848867,0.6363834650249859,0.8000054023694755,13.65626321043022,16.449484609359015,0.6086161539826553,0.7851431424259854,12.861337891812454,15.958912830876917,0.6114494693713561,0.7842132075489183
15,14.006318455954458,17.320223781988606,0.5404820165258877,0.7380621991298206,15.123393715587572,18.377409336112965,0.5114973952997319,0.7173407430745238,14.445559772535985,18.00248374288721,0.5055689276202147,0.7158824753082993
16,9.664159347381082,12.107776731408553,0.7754441764380269,0.8834525701863959,10.189730514348248,12.460533398840248,0.7754197436716653,0.8821402897026552,10.19653985286965,13.316708349045427,0.7294580114569199,0.8543724135240802
17,7.790767197624896,10.310175473006288,0.8371725475411351,0.915766856036422,7.591193796595711,9.555798652043416,0.867921451806181,0.9348374342781273,7.773067964190175,10.04001185930393,0.8462166374128106,0.9204083104924653
18,9.737031745272736,12.525377406316965,0.7596870604880044,0.8728959106643972,9.874485401791821,12.379198625189035,0.778342021309166,0.8871933255426807,10.889053136922042,14.120895358863816,0.6957956844968284,0.8352165867356541
19,11.655813631804094,14.45893106624566,0.6797656690237659,0.8381726451358469,11.71875005937272,14.262317016841768,0.7057757414627239,0.8573234364176198,12.02775092811436,14.625263552736287,0.673676535458845,0.8337470122006653
20,6.223644983808333,8.203008669075473,0.8969277264849037,0.9474410529873976,5.849992922771766,7.691670489221753,0.9144264305619046,0.9567610813030094,5.931873559024083,7.9193218513665,0.9043209425284497,0.9510026746617286
21,7.365592624830163,9.433728283867936,0.8636791639025467,0.9303978445856061,7.494102092104663,9.542472397134846,0.8682895811824839,0.9325803953438446,7.016090036830086,9.427636876782275,0.8644040886852056,0.9299681644250976
22,9.056390564577237,11.50014378476335,0.7974174398850642,0.8941460247274063,8.744639237103295,10.879244172951255,0.8288031559812944,0.9131911004505673,9.195254077243433,11.41017287337648,0.8013789149812147,0.895642497301895
23,10.192094452006362,12.628949576293737,0.7556963401715059,0.8711789294909436,10.389772585857703,12.70297817907745,0.7665954004559614,0.880127040425848,10.171472571703246,13.172304390300509,0.7352936149120051,0.8575745658614509
24,13.856133521599913,16.913487434795606,0.5618106230023954,0.7583253991096193,14.5793728958308,18.201789585628873,0.520789323644516,0.7279575546599043,14.39967185885062,17.93095606350901,0.5094900809899412,0.7141630631674775
25,8.52409764675791,10.724686435608684,0.8238167077558181,0.9092734608195787,8.579875240993871,10.65767160823624,0.8357055190621143,0.9180876991862722,8.084089331125934,10.262690136017746,0.8393194410106033,0.9198781949826026
26,7.337582859307228,9.328714549217352,0.8666972456602379,0.9316082573326732,6.986716867884773,8.423765813381728,0.897361363198449,0.9479767719826708,7.513999820219404,9.722640085880705,0.8557853700917839,0.9251417189499922
27,9.658766896429668,12.385821309848037,0.7650122976484507,0.8781382259464632,10.598127402220255,12.949178929261187,0.7574603369885987,0.8749253124507208,10.26166504737468,13.31851923476884,0.7293844266155367,0.8554485543862969
28,4.8584588379365545,6.423652074269637,0.9367938212839814,0.9681349018380927,4.5227813275407724,5.814803939855443,0.9510932889140078,0.9757197370309364,5.564013700077042,7.161074386526236,0.9217656873467966,0.9601741974627638
29,15.788212186118033,18.908813798723358,0.4523235269601972,0.6750711390755694,17.087025980077364,19.915220658200212,0.426321529770724,0.6566922142834648,16.227410698679172,19.49530609721803,0.42016955075954276,0.6520159224894846
30,19.864381458448328,22.947627090879855,0.1933761069296932,0.5215967940191099,21.340517452254833,24.100278865496442,0.1598778372922871,0.48386657255979554,19.94219893518589,22.70488791748399,0.2135345908561882,0.5829858987696054
31,7.206171571610365,9.281350056563332,0.8680474400063728,0.9332185412773223,7.124001484436747,8.978972269513733,0.8833857652744801,0.9403656168129484,7.383494588651546,9.36992517768872,0.8660591202803261,0.9325917882983199
